"","date","sunrise"
"1","1-May-21",06:29:00
"2","2-May-21",06:25:00
"3","3-May-21",06:22:00
"4","4-May-21",06:18:00
"5","5-May-21",06:15:00
"6","6-May-21",06:11:00
"7","7-May-21",06:08:00
"8","8-May-21",06:04:00
"9","9-May-21",06:01:00
"10","10-May-21",05:57:00
"11","11-May-21",05:54:00
"12","12-May-21",05:51:00
"13","13-May-21",05:47:00
"14","14-May-21",05:44:00
"15","15-May-21",05:41:00
"16","16-May-21",05:37:00
"17","17-May-21",05:34:00
"18","18-May-21",05:31:00
"19","19-May-21",05:27:00
"20","20-May-21",05:24:00
"21","21-May-21",05:21:00
"22","22-May-21",05:18:00
"23","23-May-21",05:15:00
"24","24-May-21",05:11:00
"25","25-May-21",05:08:00
"26","26-May-21",05:05:00
"27","27-May-21",05:02:00
"28","28-May-21",04:59:00
"29","29-May-21",04:57:00
"30","30-May-21",04:54:00
"31","31-May-21",04:51:00
"32","1-Jun-21",04:48:00
"33","2-Jun-21",04:46:00
"34","3-Jun-21",00:00:00
"35","4-Jun-21",04:41:00
"36","5-Jun-21",04:38:00
"37","6-Jun-21",04:36:00
"38","7-Jun-21",04:34:00
"39","8-Jun-21",04:32:00
"40","9-Jun-21",04:30:00
"41","10-Jun-21",04:28:00
"42","11-Jun-21",04:26:00
"43","12-Jun-21",04:25:00
"44","13-Jun-21",04:23:00
"45","14-Jun-21",04:22:00
"46","15-Jun-21",04:21:00
"47","16-Jun-21",04:20:00
"48","17-Jun-21",04:20:00
"49","18-Jun-21",04:19:00
"50","19-Jun-21",04:19:00
"51","20-Jun-21",04:19:00
"52","21-Jun-21",04:19:00
"53","22-Jun-21",04:19:00
"54","23-Jun-21",04:20:00
"55","24-Jun-21",04:21:00
"56","25-Jun-21",04:22:00
"57","26-Jun-21",04:23:00
"58","27-Jun-21",04:25:00
"59","28-Jun-21",04:26:00
"60","29-Jun-21",04:28:00
"61","30-Jun-21",04:30:00
"62","1-Jul-21",04:32:00
"63","2-Jul-21",04:34:00
"64","3-Jul-21",04:36:00
"65","4-Jul-21",04:39:00
"66","5-Jul-21",04:41:00
"67","6-Jul-21",04:44:00
"68","7-Jul-21",04:46:00
"69","8-Jul-21",04:49:00
"70","9-Jul-21",04:52:00
"71","10-Jul-21",04:55:00
"72","11-Jul-21",04:58:00
"73","12-Jul-21",05:01:00
"74","13-Jul-21",05:04:00
"75","14-Jul-21",05:07:00
"76","15-Jul-21",05:10:00
"77","16-Jul-21",05:14:00
"78","17-Jul-21",05:17:00
"79","18-Jul-21",05:20:00
"80","19-Jul-21",05:23:00
"81","20-Jul-21",05:26:00
"82","21-Jul-21",05:30:00
"83","22-Jul-21",05:33:00
"84","23-Jul-21",05:36:00
"85","24-Jul-21",05:40:00
"86","25-Jul-21",05:43:00
"87","26-Jul-21",05:46:00
"88","27-Jul-21",05:50:00
"89","28-Jul-21",05:53:00
"90","29-Jul-21",05:56:00
"91","30-Jul-21",06:00:00
"92","31-Jul-21",06:03:00
